ö799EKDJö(>÷J!KCH>÷HöKI;HC7?BöFB7J<EHCöM;8I?J;ö?D<Eö	ööJHK;öC;:?7H;O79A=HEKD:FD=àö799EKDJö
	
öKI;HC7?Bö=EE=B;öM;8I?J;ö?D<Eö	ööJHK;öC;:?7H;O79A=HEKD:FD=à	ö799EKDJ	öF7II799EKDJ

	öKI;HC7?B	öOEKJK8;öM;8I?J;ö?D<Eö	ööJHK;öC;:?7(FD=à
ö799EKDJ
öF7II799EKDJI:=8:=8<LöKI;HC7?B
öB?DA;:?DöM;8I?J;ö?D<Eö	öö<7BI;öC;:?7(FD=àö799EKDJö799EKDJöKI;HC7?BöFB7J<EHCöM;8I?J;ö?D<Eö	ööJHK;öC;:?7(FD=àö799EKDJöF7II799EKDJöKI;HC7?BöFB7J<EHCöM;8I?J;ö?D<Eö	öö<7BI;öC;:?7(FD=àö799EKDJö;A:I@L8?
M;öKI;HC7?BöFB7J<EHCöM;8I?J;ö?D<Eö	ööJHK;öC;:?7(FD=àö799EKDJö2öKI;HC7?Bö=EE=B;öM;8I?J;ö?D<Eö	öö<7BI;öC;:?7(FD=àö799EKDJö)öKI;HC7?BöFB7J<EHCöM;8I?J;ö?D<Eö	öö<7BI;öC;:?7(FD=àö799EKDJöIöKI;HC7?Bö=EE=B;öM;8I?J;ö?D<Eö	öö<7BI;öC;:?7(FD=àö799EKDJöM:I:L:<PöKI;HC7?Bö=EE=B;öM;8I?J;ö?D<Eö	öö<7BI;öC;:?7(FD=àö799EKDJöH=I:<P=	
öKI;HC7?Bö7FFöM;8I?J;ö?D<Eö	öö<7BI;öC;:?7(FD=à	ö799EKDJ	ö	
	
HL;IöKI;HC7?B	öM:IM:LöM;8I?J;ö?D<Eö	öö<7BI;öC;:?7(FD=à
ö799EKDJ
ö	
;M=:9;:IöKI;HC7?B
ö7FFöM;8I?J;ö?D<Eö	öö<7BI;öC;:?7(FD=àö799EKDJö<:I<	
GH;<I:LöKI;HC7?Bö7FFöM;8I?J;ö?D<Eö	öö<7BI;öC;:?7(FD=àö799EKDJöILD98I:LDIöKI;HC7?BöFB7J<EHCöM;8I?J;ö?D<Eö	öö<7BI;öC;:?7(FD=àö799EKDJö
	
öKI;HC7?Bö=EE=B;öM;8I?J;ö?D<Eö	öö<7BI;öC;:?7(FD=àö799EKDJ	öF7II799EKDJ

	öKI;HC7?B	öOEKJK8;öM;8I?J;ö?D<Eö	öö<7BI;öC;:?7(FD=àö799EKDJ
öF7II799EKDJI:=8:=8<LöKI;HC7?B
öB?DA;:?DöM;8I?J;ö?D<Eö	öö<7BI;öC;:?7(FD=àö799EKDJö799EKDJöKI;HC7?BöFB7J<EHCöM;8I?J;ö?D<Eö	öö<7BI;öC;:?7(FD=àö799EKDJö(>÷J!KCH>÷HöKI;HC7?BöFB7J<EHCöM;8I?J;ö?D<Eö	öö<7BI;öC;:?7(FD=àö799EKDJö;A:I@L8?
M;öKI;HC7?BöFB7J<EHCöM;8I?J;ö?D<Eö	öö<7BI;öC;:?7(FD=à	ö799EKDJö2öKI;HC7?Bö=EE=B;öM;8I?J;ö?D<Eö	öö<7BI;öC;:?7(FD=à
ö799EKDJö)öKI;HC7?BöFB7J<EHCöM;8I?J;ö?D<Eö	öö<7BI;öC;:?7(FD=àö799EKDJö:ILI<8öKI;HC7?Bö=EE=B;öM;8I?J;ö?D<Eö	öö<7BI;öC;:?7(FD=àö799EKDJöM:I:L:<PöKI;HC7?Bö=EE=B;öM;8I?J;ö?D<Eö	öö<7BI;öC;:?7(FD=àö799EKDJöH=I:<P=	
öKI;HC7?Bö7FFöM;8I?J;ö?D<Eö	öö<7BI;öC;:?7(FD=àö799EKDJ	ö	
	
HL;IöKI;HC7?B	öM:IM:LöM;8I?J;ö?D<Eö	öö<7BI;öC;:?7(FD=àö799EKDJ
ö	
;M=:9;:IöKI;HC7?B
ö7FFöM;8I?J;ö?D<Eö	öö<7BI;öC;:?7(FD=à	ö799EKDJö(>÷J!KCH>÷HöKI;HC7?Bö7FFöM;8I?J;ö?D<Eö	öö<7BI;öC;:?7(FD=à	ö799EKDJöILD98I:LDIöKI;HC7?BöFB7J<EHCöM;8I?J;ö?D<Eö	öö<7BI;öC;:?7(FD=à	ö799EKDJö
	
öKI;HC7?Bö=EE=B;öM;8I?J;ö?D<Eö	öö<7BI;öC;:?7(FD=à		ö799EKDJ	öF7II799EKDJ

	öKI;HC7?B	öOEKJK8;öM;8I?J;ö?D<Eö	öö<7BI;öC;:?7(FD=à	
ö799EKDJ
öF7II799EKDJI:=8:=8<LöKI;HC7?B
öB?DA;:?DöM;8I?J;ö?D<Eö	öö<7BI;öC;:?7(FD=à	ö799EKDJö799EKDJöKI;HC7?BöFB7J<EHCöM;8I?J;ö?D<Eö	öö<7BI;öC;:?7(FD=à	ö799EKDJöF7II799EKDJöKI;HC7?BöFB7J<EHCöM;8I?J;ö?D<Eö	öö<7BI;öC;:?7(FD=à	ö799EKDJö;A:I@L8?
M;öKI;HC7?BöFB7J<EHCöM;8I?J;ö?D<Eö	öö<7BI;öC;:?7(FD=à	ö799EKDJö2öKI;HC7?Bö=EE=B;öM;8I?J;ö?D<Eö	öö<7BI;öC;:?7(FD=à	ö799EKDJö)öKI;HC7?BöFB7J<EHCöM;8I?J;ö?D<Eö	öö<7BI;öC;:?7(FD=à
ö799EKDJö:ILI<8öKI;HC7?Bö=EE=B;öM;8I?J;ö?D<Eö	öö<7BI;öC;:?7(FD=à
ö799EKDJöM:I:L:<PöKI;HC7?Bö=EE=B;öM;8I?J;ö?D<Eö	öö<7BI;öC;:?7(FD=à
ö799EKDJöH=I:<P=	
öKI;HC7?Bö7FFöM;8I?J;ö?D<Eö	öö<7BI;öC;:?7(FD=à
	ö799EKDJ	ö	
	
HL;IöKI;HC7?B	öM:IM:LöM;8I?J;ö?D<Eö	öö<7BI;öC;:?7(FD=à

ö799EKDJ
ö	
;M=:9;:IöKI;HC7?B
ö7FFöM;8I?J;ö?D<Eö	öö<7BI;öC;:?7(FD=à
ö799EKDJö<:I<	
GH;<I:LöKI;HC7?Bö7FFöM;8I?J;ö?D<Eö	öö<7BI;öC;:?7(FD=à
ö799EKDJöILD98I:LDIöKI;HC7?BöFB7J<EHCöM;8I?J;ö?D<Eö	öö<7BI;öC;:?7(FD=à
ö799EKDJö
	
öKI;HC7?Bö=EE=B;öM;8I?J;ö?D<Eö	öö<7BI;öC;:?7(FD=à
ö799EKDJ	öF7II799EKDJ

	öKI;HC7?B	öOEKJK8;öM;8I?J;ö?D<Eö	öö<7BI;öC;:?7(FD=à
ö799EKDJ
öF7II799EKDJI:=8:=8<LöKI;HC7?B
öB?DA;:?DöM;8I?J;ö?D<Eö	öö<7BI;öC;:?7(FD=àö799EKDJö799EKDJöKI;HC7?BöFB7J<EHCöM;8I?J;ö?D<Eö	öö<7BI;öC;:?7(FD=àö799EKDJöF7II799EKDJöKI;HC7?BöFB7J<EHCöM;8I?J;ö?D<Eö	öö<7BI;öC;:?7(FD=àö799EKDJöKI;HC7?BöKI;HC7?BöFB7J<EHCöM;8I?J;ö?D<Eö	öö<7BI;öC;:?7(FD=à	ö799EKDJö2öKI;HC7?Bö=EE=B;öM;8I?J;ö?D<Eö	öö<7BI;öC;:?7(FD=à
ö799EKDJö)öH=I:<P=	
öFB7J<EHCöM;8I?J;ö?D<Eö	öö<7BI;öC;:?7(FD=àö799EKDJö:ILI<8öKI;HC7?Bö=EE=B;öM;8I?J;ö?D<Eö	öö<7BI;öC;:?7(FD=àö799EKDJöILD98I:LDIöKI;HC7?Bö=EE=B;öM;8I?J;ö?D<Eö	öö<7BI;öC;:?7(FD=àö799EKDJöH=I:<P=	
öKI;HC7?Bö7FFöM;8I?J;ö?D<Eö	öö<7BI;öC;:?7(FD=àö799EKDJ	öILD98I:LDIöKI;HC7?B	öM:IM:LöM;8I?J;ö?D<Eö	öö<7BI;öC;:?7(FD=àö799EKDJ
öILD98I:LDIöKI;HC7?B
ö7FFöM;8I?J;ö?D<Eö	öö<7BI;öC;:?7(FD=àöI::<I:ö;H=:<
	ö	HIöI:	
H;öM;<I:	
H:LNö:<N9L8<A@LBN9>:<ABL>=9N@>:LI>@ö	öö<7BI;öC;:?7(FD=àöI::<I:ö;H=:<
	ö	HIöI:	
H;öM;<I:	
H:LNö:<N9L8<A@LBN9>:<ABL>=9N@>:LI>@ö	öö<7BI;öC;:?7(FD=àöI::<I:ö;H=:<
	ö	HIöI:	
H;öM;<I:	
H:LNö:<N9L8<A@LBN9>:<ABL>=9N@>:LI>@ö	öö<7BI;öC;:?7(FD=à	öI::<I:ö;H=:<
	ö	HIöI:	
H;öM;<I:	
H:LNö:<N9L8<A@LBN9>:<ABL>=9N@>:LI>@ö	öö<7BI;öC;:?7(FD=à
öI::<I:ö;H=:<
	ö	HIöI:	
H;öM;<I:	
H:LNö:<N9L8<A@LBN9>:<ABL>=9N@>:LI>@ö	öö<7BI;öC;:?7(FD=àöI::<I:ö;H=:<
	ö	HIöI:	
H;öM;<I:	
H:LNö:<N9L8<A@LBN9>:<ABL>=9N@>:LI>@ö	öö<7BI;öC;:?7(FD=àöD7C;öF7IIöC7?BC7?B9ECö7:=I<ö>JJFI:ILöI:Lö	öö<7BI;öC;:?7(FD=à